{"cameraMode":{"drawMode":0,"name":"Shaded","section":"Shading Mode"},"sceneLighting":true,"audioPlay":false,"sceneViewState":{"m_AlwaysRefresh":false,"showFog":true,"showSkybox":true,"showFlares":true,"showImageEffects":true,"showParticleSystems":true,"showVisualEffectGraphs":true,"m_FxEnabled":true},"in2DMode":false,"pivot":{"x":-6.294492721557617,"y":-1.7706844806671143,"z":3.6774795055389406},"rotation":{"x":0.07083816826343537,"y":-0.7045934796333313,"z":0.07105103880167008,"w":0.7024828195571899},"size":11.751925468444825,"orthographic":false}